{
  "averageRequestsPerMinute": 1.2666666666666666,
  "stdDev": 0.7717224601860152,
  "threshold": 3.5818340472247123
}