{
  "averageRequestsPerMinute": 1.3076923076923077,
  "stdDev": 0.8213137116947165,
  "threshold": 0
}